Employee ID,Name,Hostel,Floor,Request ID
140,Tana Tootal,1,1,q0d2y
167,Lin Robjant,3,1,d9UET
174,Perice Fieldstone,4,3,VMyJj
157,Eolande Veelers,1,4,nP465
150,Andie Outright,2,2,pdl4K
181,Saraann Ellerman,4,4,OctiJ
148,Robinia Coweuppe,4,1,rWCe9
119,Rebe Gullane,2,4,h4iNL
121,Krisha Sturton,2,2,XDMTd
143,Ilise Govern,1,3,pdl4K
122,Lisetta Salway,1,5,h4iNL
171,Zara Hazeldine,3,1,dvDVi
138,Dorotea O'Dea,1,4,bCOy9
163,Robbin Ick,2,1,hHJJA
155,Cynthie Casper,2,1,401FE
153,Emiline Pic,3,3,rWCe9
191,Brianne Sickamore,3,4,HGCKB
168,Gerianne Pikesley,2,4,dvDVi
186,Cynthea Collick,2,2,VMyJj
193,Onida Losano,3,1,XDMTd
